Year,reference_value
100,8
101,8.015
102,8.03
103,8.045
104,8.06
105,8.075
106,8.09
107,8.105
108,8.12
109,8.135
110,8.15
111,8.165
112,8.18
113,8.195
114,8.21
115,8.225
116,8.24
117,8.255
118,8.27
119,8.285
120,8.3
121,8.315
122,8.33
123,8.345
124,8.36
125,8.375
126,8.39
127,8.405
128,8.42
129,8.435
130,8.45
131,8.465
132,8.48
133,8.495
134,8.51
135,8.525
136,8.54
137,8.555
138,8.57
139,8.585
140,8.6
141,8.615
142,8.63
143,8.645
144,8.66
145,8.675
146,8.69
147,8.705
148,8.72
149,8.735
150,8.75
151,8.765
152,8.78
153,8.795
154,8.81
155,8.825
156,8.84
157,8.855
158,8.87
159,8.885
160,8.9
161,8.915
162,8.93
163,8.945
164,8.96
165,8.975
166,8.99
167,9.004999999999999
168,9.02
169,9.035
170,9.05
171,9.065
172,9.08
173,9.095
174,9.11
175,9.125
176,9.14
177,9.155
178,9.17
179,9.185
180,9.2
181,9.215
182,9.23
183,9.245
184,9.26
185,9.275
186,9.29
187,9.305
188,9.32
189,9.335
190,9.35
191,9.365
192,9.379999999999999
193,9.395
194,9.41
195,9.425
196,9.44
197,9.455
198,9.47
199,9.485
200,9.5
201,9.515
202,9.53
203,9.545
204,9.56
205,9.575
206,9.59
207,9.605
208,9.62
209,9.635
210,9.65
211,9.665
212,9.68
213,9.695
214,9.71
215,9.725
216,9.74
217,9.754999999999999
218,9.77
219,9.785
220,9.8
221,9.815
222,9.83
223,9.845
224,9.86
225,9.875
226,9.89
227,9.905
228,9.92
229,9.935
230,9.95
231,9.965
232,9.98
233,9.995
234,10.01
235,10.025
236,10.04
237,10.055
238,10.07
239,10.085
240,10.1
241,10.115
242,10.129999999999999
243,10.145
244,10.16
245,10.175
246,10.19
247,10.205
248,10.219999999999999
249,10.235
250,10.25
251,10.265
252,10.28
253,10.295
254,10.31
255,10.325
256,10.34
257,10.355
258,10.370000000000001
259,10.385
260,10.4
261,10.415
262,10.43
263,10.445
264,10.46
265,10.475
266,10.49
267,10.504999999999999
268,10.52
269,10.535
270,10.55
271,10.565
272,10.58
273,10.594999999999999
274,10.61
275,10.625
276,10.64
277,10.655
278,10.67
279,10.685
280,10.7
281,10.715
282,10.73
283,10.745000000000001
284,10.76
285,10.775
286,10.79
287,10.805
288,10.82
289,10.835
290,10.85
291,10.865
292,10.879999999999999
293,10.895
294,10.91
295,10.925
296,10.94
297,10.955
298,10.969999999999999
299,10.985
300,11
301,11.015
302,11.03
303,11.045
304,11.06
305,11.075
306,11.09
307,11.105
308,11.120000000000001
309,11.135
310,11.15
311,11.165
312,11.18
313,11.195
314,11.21
315,11.225
316,11.24
317,11.254999999999999
318,11.27
319,11.285
320,11.3
321,11.315
322,11.33
323,11.344999999999999
324,11.36
325,11.375
326,11.39
327,11.405
328,11.42
329,11.435
330,11.45
331,11.465
332,11.48
333,11.495
334,11.51
335,11.525
336,11.54
337,11.555
338,11.57
339,11.585
340,11.6
341,11.615
342,11.629999999999999
343,11.645
344,11.66
345,11.675
346,11.69
347,11.705
348,11.719999999999999
349,11.735
350,11.75
351,11.765
352,11.78
353,11.795
354,11.81
355,11.825
356,11.84
357,11.855
358,11.87
359,11.885
360,11.9
361,11.915
362,11.93
363,11.945
364,11.96
365,11.975
366,11.99
367,12.004999999999999
368,12.02
369,12.035
370,12.05
371,12.065
372,12.08
373,12.094999999999999
374,12.11
375,12.125
376,12.14
377,12.155000000000001
378,12.17
379,12.184999999999999
380,12.2
381,12.215
382,12.23
383,12.245000000000001
384,12.26
385,12.274999999999999
386,12.29
387,12.305
388,12.32
389,12.335
390,12.35
391,12.365
392,12.379999999999999
393,12.395
394,12.41
395,12.425
396,12.44
397,12.455
398,12.469999999999999
399,12.485
400,12.5
401,12.515
402,12.530000000000001
403,12.545
404,12.559999999999999
405,12.575
406,12.59
407,12.605
408,12.620000000000001
409,12.635
410,12.649999999999999
411,12.665
412,12.68
413,12.695
414,12.71
415,12.725
416,12.74
417,12.754999999999999
418,12.77
419,12.785
420,12.8
421,12.815
422,12.83
423,12.844999999999999
424,12.86
425,12.875
426,12.89
427,12.905000000000001
428,12.92
429,12.934999999999999
430,12.95
431,12.965
432,12.98
433,12.995000000000001
434,13.01
435,13.024999999999999
436,13.04
437,13.055
438,13.07
439,13.085
440,13.1
441,13.115
442,13.129999999999999
443,13.145
444,13.16
445,13.175
446,13.19
447,13.205
448,13.219999999999999
449,13.235
450,13.25
451,13.265
452,13.28
453,13.295
454,13.309999999999999
455,13.325
456,13.34
457,13.355
458,13.370000000000001
459,13.385
460,13.399999999999999
461,13.415
462,13.43
463,13.445
464,13.46
465,13.475
466,13.49
467,13.504999999999999
468,13.52
469,13.535
470,13.55
471,13.565
472,13.58
473,13.594999999999999
474,13.61
475,13.625
476,13.64
477,13.655
478,13.67
479,13.684999999999999
480,13.7
481,13.715
482,13.73
483,13.745000000000001
484,13.76
485,13.774999999999999
486,13.79
487,13.805
488,13.82
489,13.835
490,13.85
491,13.865
492,13.879999999999999
493,13.895
494,13.91
495,13.925
496,13.94
497,13.955
498,13.969999999999999
499,13.985
500,14
501,13.99
502,13.98
503,13.97
504,13.96
505,13.95
506,13.94
507,13.93
508,13.92
509,13.91
510,13.9
511,13.89
512,13.88
513,13.87
514,13.86
515,13.85
516,13.84
517,13.83
518,13.82
519,13.81
520,13.8
521,13.79
522,13.78
523,13.77
524,13.76
525,13.75
526,13.74
527,13.73
528,13.72
529,13.71
530,13.7
531,13.69
532,13.68
533,13.67
534,13.66
535,13.65
536,13.64
537,13.63
538,13.62
539,13.61
540,13.6
541,13.59
542,13.58
543,13.57
544,13.56
545,13.55
546,13.54
547,13.53
548,13.52
549,13.51
550,13.5
551,13.49
552,13.48
553,13.47
554,13.46
555,13.45
556,13.44
557,13.43
558,13.42
559,13.41
560,13.4
561,13.39
562,13.38
563,13.37
564,13.36
565,13.35
566,13.34
567,13.33
568,13.32
569,13.31
570,13.3
571,13.29
572,13.28
573,13.27
574,13.26
575,13.25
576,13.24
577,13.23
578,13.22
579,13.21
580,13.2
581,13.19
582,13.18
583,13.17
584,13.16
585,13.15
586,13.14
587,13.13
588,13.12
589,13.11
590,13.1
591,13.09
592,13.08
593,13.07
594,13.06
595,13.05
596,13.04
597,13.03
598,13.02
599,13.01
600,13
601,12.99
602,12.98
603,12.97
604,12.96
605,12.95
606,12.94
607,12.93
608,12.92
609,12.91
610,12.9
611,12.89
612,12.879999999999999
613,12.87
614,12.86
615,12.85
616,12.84
617,12.83
618,12.82
619,12.81
620,12.8
621,12.79
622,12.78
623,12.77
624,12.76
625,12.75
626,12.74
627,12.73
628,12.72
629,12.71
630,12.7
631,12.69
632,12.68
633,12.67
634,12.66
635,12.65
636,12.64
637,12.629999999999999
638,12.62
639,12.61
640,12.6
641,12.59
642,12.58
643,12.57
644,12.56
645,12.55
646,12.54
647,12.53
648,12.52
649,12.51
650,12.5
651,12.49
652,12.48
653,12.47
654,12.46
655,12.45
656,12.44
657,12.43
658,12.42
659,12.41
660,12.4
661,12.39
662,12.379999999999999
663,12.37
664,12.36
665,12.35
666,12.34
667,12.33
668,12.32
669,12.31
670,12.3
671,12.29
672,12.28
673,12.27
674,12.26
675,12.25
676,12.24
677,12.23
678,12.22
679,12.21
680,12.2
681,12.19
682,12.18
683,12.17
684,12.16
685,12.15
686,12.14
687,12.129999999999999
688,12.12
689,12.11
690,12.1
691,12.09
692,12.08
693,12.07
694,12.06
695,12.05
696,12.04
697,12.03
698,12.02
699,12.01
700,12
701,11.99
702,11.98
703,11.969999999999999
704,11.96
705,11.95
706,11.94
707,11.93
708,11.92
709,11.91
710,11.9
711,11.89
712,11.879999999999999
713,11.870000000000001
714,11.86
715,11.85
716,11.84
717,11.83
718,11.82
719,11.81
720,11.8
721,11.79
722,11.78
723,11.77
724,11.76
725,11.75
726,11.74
727,11.73
728,11.719999999999999
729,11.71
730,11.7
731,11.69
732,11.68
733,11.67
734,11.66
735,11.65
736,11.64
737,11.629999999999999
738,11.620000000000001
739,11.61
740,11.6
741,11.59
742,11.58
743,11.57
744,11.56
745,11.55
746,11.54
747,11.53
748,11.52
749,11.51
750,11.5
751,11.49
752,11.48
753,11.469999999999999
754,11.46
755,11.45
756,11.44
757,11.43
758,11.42
759,11.41
760,11.4
761,11.39
762,11.379999999999999
763,11.370000000000001
764,11.36
765,11.35
766,11.34
767,11.33
768,11.32
769,11.31
770,11.3
771,11.29
772,11.28
773,11.27
774,11.26
775,11.25
776,11.24
777,11.23
778,11.219999999999999
779,11.21
780,11.2
781,11.19
782,11.18
783,11.17
784,11.16
785,11.15
786,11.14
787,11.129999999999999
788,11.120000000000001
789,11.11
790,11.1
791,11.09
792,11.08
793,11.07
794,11.06
795,11.05
796,11.04
797,11.03
798,11.02
799,11.01
800,11
801,10.99
802,10.98
803,10.969999999999999
804,10.96
805,10.95
806,10.94
807,10.93
808,10.92
809,10.91
810,10.9
811,10.89
812,10.879999999999999
813,10.870000000000001
814,10.86
815,10.85
816,10.84
817,10.83
818,10.82
819,10.81
820,10.8
821,10.79
822,10.78
823,10.77
824,10.76
825,10.75
826,10.74
827,10.73
828,10.719999999999999
829,10.71
830,10.7
831,10.69
832,10.68
833,10.67
834,10.66
835,10.65
836,10.64
837,10.629999999999999
838,10.620000000000001
839,10.61
840,10.6
841,10.59
842,10.58
843,10.57
844,10.56
845,10.55
846,10.54
847,10.53
848,10.52
849,10.51
850,10.5
851,10.49
852,10.48
853,10.469999999999999
854,10.46
855,10.45
856,10.44
857,10.43
858,10.42
859,10.41
860,10.4
861,10.39
862,10.379999999999999
863,10.370000000000001
864,10.36
865,10.35
866,10.34
867,10.33
868,10.32
869,10.31
870,10.3
871,10.29
872,10.28
873,10.27
874,10.26
875,10.25
876,10.24
877,10.23
878,10.219999999999999
879,10.21
880,10.2
881,10.19
882,10.18
883,10.17
884,10.16
885,10.15
886,10.14
887,10.129999999999999
888,10.120000000000001
889,10.11
890,10.1
891,10.09
892,10.08
893,10.07
894,10.06
895,10.05
896,10.04
897,10.03
898,10.02
899,10.01
900,10
